{
  "filename": "jeca_tatu_1959.mp4",
  "width": 1440,
  "height": 1080,
  "fps": 23.976023976023978,
  "duration_seconds": 5406.378,
  "duration_minutes": 90.10629999999999,
  "total_frames": 129623,
  "codec": "h264",
  "bit_rate_mbps": 2.262814,
  "file_size_gb": 1.424181961454451
}